1894;com.pixton.character.Skin0_Addon3
1893;c00_addon_hat_5
1892;c00hat5_3
1889;c00hat5_5
1885;c00hat5_9
1881;c00hat5_10
1878;c00hat5_12
1875;c00hat5_14
1872;c00hat5_17
1866;c00hat5_18
1862;c00hat5_19
1856;c00hat5_22
1853;c00hat5_23
1848;c00hat5_24
1843;c00hat5_27
1838;c00hat5_28
1835;c00hat5_29
1832;c00hat5_30
1829;c00hat5_32
1826;c00hat5_33
1823;c00hat5_34
1820;c00hat5_36
1817;c00hat5_38
1814;c00hat5_39
1809;c00hat5_40
1804;c00hat5_41
1801;c00hat5_42
1798;c00hat5_43
1795;c00hat5_44
1794;c00hat5_45
1791;c00hat5_46
1788;c00hat5_47
1785;c00hat5_48
1782;c00hat5_49
1779;c00hat5_50
1772;c00hat5_51
1769;c00hat5_52
1766;c00hat5_53
1763;c00hat5_54
1758;c00hat5_55
1749;c00hat5_56
1746;c00hat5_57
1741;c00hat5_58
1738;c00hat5_59
1735;c00hat5_60
1732;c00hat5_61
1729;c00hat5_62
1726;c00hat5_64
1723;c00hat5_65
1720;c00hat5_66
1717;c00hat5_68
1714;c00hat5_69
1707;c00hat5_70
1702;c00hat5_71
1693;c00hat5_72
1680;c00hat5_73
1675;c00hat5_74
1672;c00hat5_75
1667;c00hat5_76
1660;c00hat5_77
1657;c00hat5_78
1652;c00hat5_80
1644;c00_addon_hat_4
1643;c00hat5_67
1640;c00hat4_15
1636;c00hat4_3
1632;c00hat4_5
1629;c00hat4_4
1626;c00hat4_9
1622;c00hat4_10
1619;c00hat4_12
1616;c00hat4_14
1613;c00hat4_17
1607;c00hat4_18
1603;c00hat4_19
1597;c00hat4_22
1594;c00hat4_23
1590;c00hat4_24
1585;c00hat4_27
1582;c00hat4_28
1579;c00hat4_29
1575;c00hat4_30
1569;c00hat4_31
1564;c00hat4_32
1561;c00hat4_33
1558;c00hat4_34
1555;c00hat4_36
1552;c00hat4_38
1549;c00hat4_39
1544;c00hat4_40
1539;c00hat4_41
1536;c00hat4_42
1529;c00hat4_43
1524;c00hat4_44
1523;c00hat4_45
1520;c00hat4_46
1517;c00hat4_47
1512;c00hat4_48
1509;c00hat4_49
1506;c00hat4_50
1499;c00hat4_51
1496;c00hat4_52
1493;c00hat4_53
1488;c00hat4_54
1481;c00hat4_55
1472;c00hat4_56
1469;c00hat4_57
1462;c00hat4_58
1459;c00hat4_59
1456;c00hat4_60
1453;c00hat4_61
1450;c00hat4_62
1447;c00hat4_64
1444;c00hat4_65
1441;c00hat4_66
1438;c00hat4_68
1435;c00hat4_69
1428;c00hat4_70
1421;c00hat4_71
1414;c00hat4_72
1397;c00hat4_73
1392;c00hat4_74
1389;c00hat4_75
1384;c00hat4_76
1375;c00hat4_77
1372;c00hat4_78
1367;c00hat4_80
1358;c00_addon_hat_2
1357;c00hat2_79
1356;c00hat2_37
1351;c00hat2_26
1346;c00hat2_25
1342;c00hat2_20
1339;c00hat2_16
1335;c00hat2_11
1332;c00hat2_2
1328;c00hat2_7
1324;c00hat2_3
1321;c00hat2_5
1316;c00hat2_4
1313;c00hat2_9
1309;c00hat2_10
1305;c00hat2_12
1302;c00hat2_14
1298;c00hat2_15
1292;c00hat2_17
1286;c00hat2_18
1283;c00hat2_19
1277;c00hat2_21
1274;c00hat2_22
1271;c00hat2_23
1266;c00hat2_24
1261;c00hat2_27
1256;c00hat2_28
1252;c00hat2_29
1247;c00hat2_30
1240;c00hat2_31
1235;c00hat2_32
1232;c00hat2_33
1229;c00hat2_34
1226;c00hat2_36
1223;c00hat2_38
1220;c00hat2_39
1215;c00hat2_40
1210;c00hat2_41
1205;c00hat2_42
1198;c00hat2_43
1192;c00hat2_44
1191;c00hat2_45
1184;c00hat2_46
1181;c00hat2_47
1176;c00hat2_48
1173;c00hat2_49
1168;c00hat2_50
1159;c00hat2_51
1156;c00hat2_52
1153;c00hat2_53
1148;c00hat2_54
1141;c00hat2_55
1130;c00hat2_56
1123;c00hat2_57
1115;c00hat2_58
1110;c00hat2_59
1107;c00hat2_60
1104;c00hat2_61
1101;c00hat2_62
1098;c00hat2_64
1095;c00hat2_65
1092;c00hat2_66
1089;c00hat2_67
1086;c00hat2_68
1083;c00hat2_69
1076;c00hat2_70
1071;c00hat2_71
1064;c00hat2_72
1053;c00hat2_73
1048;c00hat2_74
1045;c00hat2_75
1038;c00hat2_76
1032;c00hat2_77
1026;c00hat2_78
1018;c00hat2_80
1009;c00_addon_hat_1
1006;c00hat1_79
1001;c00hat1_63
998;c00hat1_37
993;c00hat1_35
990;c00hat1_31
985;c00hat1_26
980;c00hat1_25
976;c00hat1_20
973;c00hat1_16
969;c00hat1_13
965;c00hat1_11
962;c00hat1_2
958;c00hat1_7
954;c00hat1_6
951;c00hat1_8
948;c00hat1_3
944;c00hat1_5
939;c00hat1_4
936;c00hat1_9
931;c00hat1_10
927;c00hat1_12
923;c00hat1_14
919;c00hat1_15
913;c00hat1_17
908;c00hat1_18
905;c00hat1_19
900;c00hat1_21
897;c00hat1_22
894;c00hat1_23
887;c00hat1_24
882;c00hat1_27
877;c00hat1_28
872;c00hat1_29
866;c00hat1_30
858;c00hat1_32
855;c00hat1_33
852;c00hat1_34
849;c00hat1_36
846;c00hat1_38
843;c00hat1_39
838;c00hat1_40
833;c00hat1_41
828;c00hat1_42
821;c00hat1_43
815;c00hat1_44
814;c00hat1_45
807;c00hat1_46
804;c00hat1_47
799;c00hat1_48
796;c00hat1_49
791;c00hat1_50
782;c00hat1_51
779;c00hat1_52
776;c00hat1_53
771;c00hat1_54
764;c00hat1_55
753;c00hat1_56
748;c00hat1_57
739;c00hat1_58
734;c00hat1_59
731;c00hat1_60
728;c00hat1_61
725;c00hat1_62
722;c00hat1_64
719;c00hat1_65
716;c00hat1_66
713;c00hat1_67
710;c00hat1_68
707;c00hat1_69
700;c00hat1_70
695;c00hat1_71
687;c00hat1_72
676;c00hat1_73
671;c00hat1_74
668;c00hat1_75
661;c00hat1_76
655;c00hat1_77
649;c00hat1_78
641;c00hat1_80
632;c00_addon_foot_2
631;c00foot2.02
628;c00foot2.03
625;c00foot2.04
622;c00foot2.06
619;c00foot2.07
616;c00foot2.08
613;c00foot2.10
610;c00foot2.11
607;c00foot2.12
604;c00foot2.13
601;c00foot2.14
598;c00foot2.15
595;c00foot2.16
592;c00foot2.17
589;c00foot2.18
586;c00foot2.19
583;c00footwear4_20
580;c00footwear4_21
577;c00footwear4_22
572;c00footwear4_23
569;c00footwear4_24
566;c00footwear4_25
563;c00footwear4_26
558;c00footwear4_27
551;c00footwear4_28
548;c00footwear4_29
543;c00footwear4_30
538;c00_addon_foot_1
537;c00foot1.09
534;c00foot1.05
531;c00foot1.01
530;c00foot1.02
527;c00foot1.03
524;c00foot1.04
521;c00foot1.06
518;c00foot1.07
515;c00foot1.08
512;c00foot1.10
507;c00foot1.11
504;c00foot1.12
501;c00foot1.13
498;c00foot1.14
495;c00foot1.15
492;c00foot1.16
489;c00foot1.17
486;c00foot1.18
483;c00foot1.19
479;c00footwear1_20
476;c00footwear1_21
473;c00footwear1_22
468;c00footwear1_23
465;c00footwear1_24
462;c00footwear1_25
459;c00footwear1_26
454;c00footwear1_27
447;c00footwear1_28
442;c00footwear1_29
437;c00footwear1_30
432;c00_addon_sock
429;blanklook
428;c00sock1
427;c00sock2
424;c00sock3
423;c00sock4
418;c00sock5
417;c00sock6
414;c00sock7
409;c00sock8
406;c00sock9
403;c00sock10
400;c00sock11
397;c00sock12
394;c00sock14
389;c00sock15
386;c00sock1_15
383;c00sock1_16
380;c00sock18
375;c00_addon_lowerleg
374;c00lowerLeg1
373;c00lowerLeg2
372;c00lowerLeg3
369;c00lowerLeg4
366;c00lowerLeg5
361;c00lowerLeg6
358;c00lowerLeg7
355;c00lowerLeg12
352;c00lowerLeg8
347;c00lowerLeg9
342;c00lowerLeg10
339;c00lowerLeg13
334;c00lowerLeg18
331;c00lowerLeg19
328;c00lowerLeg20
325;c00lowerleg1_21
320;c00lowerleg1_22
317;c00lowerleg1_23
314;c00lowerleg1_24
309;c00lowerleg1_27
306;c00lowerleg1_28
303;c00lowerleg1_29
300;c00lowerleg1_30
295;c00lowerleg1_31
292;c00_addon_upperleg
291;c00upperLeg1
290;c00upperLeg2
287;c00upperLeg3
285;c00upperLeg4
282;c00upperLeg5
279;c00upperLeg6
276;c00upperLeg7
273;c00upperLeg11
270;c00upperLeg12
267;c00upperLeg13
264;c00upperLeg17
260;c00upperLeg20
257;c00upperleg1_21
252;c00upperleg1_22
249;c00upperleg1_25
244;c00upperleg1_27
241;c00upperLeg28
238;c00upperleg1_29
233;c00upperleg1_30
228;c00upperLeg31
225;c00hip
223;c00_addon_upperarm
222;c00upperarm1
219;c00upperArm2
216;c00upperarm3
213;c00upperArm4
209;c00upperArm8
206;c00upperArm9
203;c00upperArm13
200;c00upperArm14
194;c00upperArm16
191;c00upperArm18
183;c00upperarm19
180;c00upperArm20
172;c00upperarm1_24
169;c00upperarm1_25
164;c00upperarm1_26
163;c00upperarm1_28
158;c00upperarm1_29
157;c00upperarm1_31
150;c00upperarm1_32
147;c00upperarm1_33
140;c00upperarm1_34
133;c00upperarm1_35
132;c00upperarm1_36
124;c00_addon_lowerarm
123;c00lowerArm1
122;c00lowerArm2
121;c00lowerArm4
117;c00lowerArm5
113;c00lowerArm6
108;c00lowerArm8
105;c00lowerArm10
98;c00lowerArm11
93;c00lowerArm12
86;c00lowerArm15
83;c00lowerArm3
82;c00lowerArm17
77;c00lowerArm18
73;c00lowerArm19
68;c00lowerArm20
61;c00lowerArm22
56;c00lowerArm23
49;c00lowerarm1_24
46;c00lowerarm1_25
43;c00lowerarm1_26
42;c00lowerarm1_27
37;c00lowerarm1_28
34;c00lowerarm1_29
33;c00lowerarm1_30
28;c00lowerarm1_31
25;c00lowerarm1_32
22;c00lowerarm1_33
17;c00lowerarm1_34
12;c00lowerarm1_35
6;shoulder
3;c00hat4_67
1894;com.pixton.character.Skin0_Addon3
1893;c00_addon_hat_5
1892;c00hat5_3
1889;c00hat5_5
1885;c00hat5_9
1881;c00hat5_10
1878;c00hat5_12
1875;c00hat5_14
1872;c00hat5_17
1866;c00hat5_18
1862;c00hat5_19
1856;c00hat5_22
1853;c00hat5_23
1848;c00hat5_24
1843;c00hat5_27
1838;c00hat5_28
1835;c00hat5_29
1832;c00hat5_30
1829;c00hat5_32
1826;c00hat5_33
1823;c00hat5_34
1820;c00hat5_36
1817;c00hat5_38
1814;c00hat5_39
1809;c00hat5_40
1804;c00hat5_41
1801;c00hat5_42
1798;c00hat5_43
1795;c00hat5_44
1794;c00hat5_45
1791;c00hat5_46
1788;c00hat5_47
1785;c00hat5_48
1782;c00hat5_49
1779;c00hat5_50
1772;c00hat5_51
1769;c00hat5_52
1766;c00hat5_53
1763;c00hat5_54
1758;c00hat5_55
1749;c00hat5_56
1746;c00hat5_57
1741;c00hat5_58
1738;c00hat5_59
1735;c00hat5_60
1732;c00hat5_61
1729;c00hat5_62
1726;c00hat5_64
1723;c00hat5_65
1720;c00hat5_66
1717;c00hat5_68
1714;c00hat5_69
1707;c00hat5_70
1702;c00hat5_71
1693;c00hat5_72
1680;c00hat5_73
1675;c00hat5_74
1672;c00hat5_75
1667;c00hat5_76
1660;c00hat5_77
1657;c00hat5_78
1652;c00hat5_80
1644;c00_addon_hat_4
1643;c00hat5_67
1640;c00hat4_15
1636;c00hat4_3
1632;c00hat4_5
1629;c00hat4_4
1626;c00hat4_9
1622;c00hat4_10
1619;c00hat4_12
1616;c00hat4_14
1613;c00hat4_17
1607;c00hat4_18
1603;c00hat4_19
1597;c00hat4_22
1594;c00hat4_23
1590;c00hat4_24
1585;c00hat4_27
1582;c00hat4_28
1579;c00hat4_29
1575;c00hat4_30
1569;c00hat4_31
1564;c00hat4_32
1561;c00hat4_33
1558;c00hat4_34
1555;c00hat4_36
1552;c00hat4_38
1549;c00hat4_39
1544;c00hat4_40
1539;c00hat4_41
1536;c00hat4_42
1529;c00hat4_43
1524;c00hat4_44
1523;c00hat4_45
1520;c00hat4_46
1517;c00hat4_47
1512;c00hat4_48
1509;c00hat4_49
1506;c00hat4_50
1499;c00hat4_51
1496;c00hat4_52
1493;c00hat4_53
1488;c00hat4_54
1481;c00hat4_55
1472;c00hat4_56
1469;c00hat4_57
1462;c00hat4_58
1459;c00hat4_59
1456;c00hat4_60
1453;c00hat4_61
1450;c00hat4_62
1447;c00hat4_64
1444;c00hat4_65
1441;c00hat4_66
1438;c00hat4_68
1435;c00hat4_69
1428;c00hat4_70
1421;c00hat4_71
1414;c00hat4_72
1397;c00hat4_73
1392;c00hat4_74
1389;c00hat4_75
1384;c00hat4_76
1375;c00hat4_77
1372;c00hat4_78
1367;c00hat4_80
1358;c00_addon_hat_2
1357;c00hat2_79
1356;c00hat2_37
1351;c00hat2_26
1346;c00hat2_25
1342;c00hat2_20
1339;c00hat2_16
1335;c00hat2_11
1332;c00hat2_2
1328;c00hat2_7
1324;c00hat2_3
1321;c00hat2_5
1316;c00hat2_4
1313;c00hat2_9
1309;c00hat2_10
1305;c00hat2_12
1302;c00hat2_14
1298;c00hat2_15
1292;c00hat2_17
1286;c00hat2_18
1283;c00hat2_19
1277;c00hat2_21
1274;c00hat2_22
1271;c00hat2_23
1266;c00hat2_24
1261;c00hat2_27
1256;c00hat2_28
1252;c00hat2_29
1247;c00hat2_30
1240;c00hat2_31
1235;c00hat2_32
1232;c00hat2_33
1229;c00hat2_34
1226;c00hat2_36
1223;c00hat2_38
1220;c00hat2_39
1215;c00hat2_40
1210;c00hat2_41
1205;c00hat2_42
1198;c00hat2_43
1192;c00hat2_44
1191;c00hat2_45
1184;c00hat2_46
1181;c00hat2_47
1176;c00hat2_48
1173;c00hat2_49
1168;c00hat2_50
1159;c00hat2_51
1156;c00hat2_52
1153;c00hat2_53
1148;c00hat2_54
1141;c00hat2_55
1130;c00hat2_56
1123;c00hat2_57
1115;c00hat2_58
1110;c00hat2_59
1107;c00hat2_60
1104;c00hat2_61
1101;c00hat2_62
1098;c00hat2_64
1095;c00hat2_65
1092;c00hat2_66
1089;c00hat2_67
1086;c00hat2_68
1083;c00hat2_69
1076;c00hat2_70
1071;c00hat2_71
1064;c00hat2_72
1053;c00hat2_73
1048;c00hat2_74
1045;c00hat2_75
1038;c00hat2_76
1032;c00hat2_77
1026;c00hat2_78
1018;c00hat2_80
1009;c00_addon_hat_1
1006;c00hat1_79
1001;c00hat1_63
998;c00hat1_37
993;c00hat1_35
990;c00hat1_31
985;c00hat1_26
980;c00hat1_25
976;c00hat1_20
973;c00hat1_16
969;c00hat1_13
965;c00hat1_11
962;c00hat1_2
958;c00hat1_7
954;c00hat1_6
951;c00hat1_8
948;c00hat1_3
944;c00hat1_5
939;c00hat1_4
936;c00hat1_9
931;c00hat1_10
927;c00hat1_12
923;c00hat1_14
919;c00hat1_15
913;c00hat1_17
908;c00hat1_18
905;c00hat1_19
900;c00hat1_21
897;c00hat1_22
894;c00hat1_23
887;c00hat1_24
882;c00hat1_27
877;c00hat1_28
872;c00hat1_29
866;c00hat1_30
858;c00hat1_32
855;c00hat1_33
852;c00hat1_34
849;c00hat1_36
846;c00hat1_38
843;c00hat1_39
838;c00hat1_40
833;c00hat1_41
828;c00hat1_42
821;c00hat1_43
815;c00hat1_44
814;c00hat1_45
807;c00hat1_46
804;c00hat1_47
799;c00hat1_48
796;c00hat1_49
791;c00hat1_50
782;c00hat1_51
779;c00hat1_52
776;c00hat1_53
771;c00hat1_54
764;c00hat1_55
753;c00hat1_56
748;c00hat1_57
739;c00hat1_58
734;c00hat1_59
731;c00hat1_60
728;c00hat1_61
725;c00hat1_62
722;c00hat1_64
719;c00hat1_65
716;c00hat1_66
713;c00hat1_67
710;c00hat1_68
707;c00hat1_69
700;c00hat1_70
695;c00hat1_71
687;c00hat1_72
676;c00hat1_73
671;c00hat1_74
668;c00hat1_75
661;c00hat1_76
655;c00hat1_77
649;c00hat1_78
641;c00hat1_80
632;c00_addon_foot_2
631;c00foot2.02
628;c00foot2.03
625;c00foot2.04
622;c00foot2.06
619;c00foot2.07
616;c00foot2.08
613;c00foot2.10
610;c00foot2.11
607;c00foot2.12
604;c00foot2.13
601;c00foot2.14
598;c00foot2.15
595;c00foot2.16
592;c00foot2.17
589;c00foot2.18
586;c00foot2.19
583;c00footwear4_20
580;c00footwear4_21
577;c00footwear4_22
572;c00footwear4_23
569;c00footwear4_24
566;c00footwear4_25
563;c00footwear4_26
558;c00footwear4_27
551;c00footwear4_28
548;c00footwear4_29
543;c00footwear4_30
538;c00_addon_foot_1
537;c00foot1.09
534;c00foot1.05
531;c00foot1.01
530;c00foot1.02
527;c00foot1.03
524;c00foot1.04
521;c00foot1.06
518;c00foot1.07
515;c00foot1.08
512;c00foot1.10
507;c00foot1.11
504;c00foot1.12
501;c00foot1.13
498;c00foot1.14
495;c00foot1.15
492;c00foot1.16
489;c00foot1.17
486;c00foot1.18
483;c00foot1.19
479;c00footwear1_20
476;c00footwear1_21
473;c00footwear1_22
468;c00footwear1_23
465;c00footwear1_24
462;c00footwear1_25
459;c00footwear1_26
454;c00footwear1_27
447;c00footwear1_28
442;c00footwear1_29
437;c00footwear1_30
432;c00_addon_sock
429;blanklook
428;c00sock1
427;c00sock2
424;c00sock3
423;c00sock4
418;c00sock5
417;c00sock6
414;c00sock7
409;c00sock8
406;c00sock9
403;c00sock10
400;c00sock11
397;c00sock12
394;c00sock14
389;c00sock15
386;c00sock1_15
383;c00sock1_16
380;c00sock18
375;c00_addon_lowerleg
374;c00lowerLeg1
373;c00lowerLeg2
372;c00lowerLeg3
369;c00lowerLeg4
366;c00lowerLeg5
361;c00lowerLeg6
358;c00lowerLeg7
355;c00lowerLeg12
352;c00lowerLeg8
347;c00lowerLeg9
342;c00lowerLeg10
339;c00lowerLeg13
334;c00lowerLeg18
331;c00lowerLeg19
328;c00lowerLeg20
325;c00lowerleg1_21
320;c00lowerleg1_22
317;c00lowerleg1_23
314;c00lowerleg1_24
309;c00lowerleg1_27
306;c00lowerleg1_28
303;c00lowerleg1_29
300;c00lowerleg1_30
295;c00lowerleg1_31
292;c00_addon_upperleg
291;c00upperLeg1
290;c00upperLeg2
287;c00upperLeg3
285;c00upperLeg4
282;c00upperLeg5
279;c00upperLeg6
276;c00upperLeg7
273;c00upperLeg11
270;c00upperLeg12
267;c00upperLeg13
264;c00upperLeg17
260;c00upperLeg20
257;c00upperleg1_21
252;c00upperleg1_22
249;c00upperleg1_25
244;c00upperleg1_27
241;c00upperLeg28
238;c00upperleg1_29
233;c00upperleg1_30
228;c00upperLeg31
225;c00hip
223;c00_addon_upperarm
222;c00upperarm1
219;c00upperArm2
216;c00upperarm3
213;c00upperArm4
209;c00upperArm8
206;c00upperArm9
203;c00upperArm13
200;c00upperArm14
194;c00upperArm16
191;c00upperArm18
183;c00upperarm19
180;c00upperArm20
172;c00upperarm1_24
169;c00upperarm1_25
164;c00upperarm1_26
163;c00upperarm1_28
158;c00upperarm1_29
157;c00upperarm1_31
150;c00upperarm1_32
147;c00upperarm1_33
140;c00upperarm1_34
133;c00upperarm1_35
132;c00upperarm1_36
124;c00_addon_lowerarm
123;c00lowerArm1
122;c00lowerArm2
121;c00lowerArm4
117;c00lowerArm5
113;c00lowerArm6
108;c00lowerArm8
105;c00lowerArm10
98;c00lowerArm11
93;c00lowerArm12
86;c00lowerArm15
83;c00lowerArm3
82;c00lowerArm17
77;c00lowerArm18
73;c00lowerArm19
68;c00lowerArm20
61;c00lowerArm22
56;c00lowerArm23
49;c00lowerarm1_24
46;c00lowerarm1_25
43;c00lowerarm1_26
42;c00lowerarm1_27
37;c00lowerarm1_28
34;c00lowerarm1_29
33;c00lowerarm1_30
28;c00lowerarm1_31
25;c00lowerarm1_32
22;c00lowerarm1_33
17;c00lowerarm1_34
12;c00lowerarm1_35
6;shoulder
3;c00hat4_67
