2378;com.pixton.character.Skin0_Addon2
2377;c00_addon_hairBehind_5
2376;c00hairbehind5_58
2373;c00hairbehind5_130
2370;c00_addon_hairBehind_4
2369;c00hairbehind4_03
2366;c00hairbehind4_42
2363;c00hairbehind4_53
2360;c00hairbehind4_55
2357;c00hairbehind4_58
2354;c00hairbehind4_130
2349;c00_addon_hairBehind_2
2348;c00hairbehind2_33
2345;c00hairbehind2_32
2342;c00hairbehind2_09
2339;c00hairbehind2_08
2336;c00hairbehind2_07
2333;c00hairbehind2_11
2330;c00hairbehind2_05b
2327;c00hairbehind2_01
2324;c00hairbehind2_10
2321;c00hairbehind2_02
2318;c00hairbehind2_05
2315;c00hairbehind2_06
2312;c00hairbehind2_03
2309;c00hairbehind2_2
2306;c00hairbehind2_25
2303;c00hairbehind2_26
2300;c00hairbehind1_34
2297;c00hairbehind2_35
2294;c00hairbehind2_36
2291;c00hairbehind2_37
2288;c00hairbehind2_39
2285;c00hairbehind2_41
2282;c00hairbehind2_42
2279;c00hairbehind2_43
2276;c00hairbehind2_44
2273;c00hairbehind2_45
2270;c00hairbehind2_46
2267;c00hairbehind2_47
2264;c00hairbehind2_48
2261;c00hairbehind2_49
2258;c00hairbehind2_53
2255;c00hairbehind2_55
2252;c00hairbehind2_58
2249;c00hairbehind2_59
2246;c00hairbehind2_60
2243;c00hairbehind2_61
2240;c00hairbehind2_63
2237;c00hairbehind2_64
2234;c00hairbehind2_65
2231;c00hairbehind2_68
2228;c00hairbehind2_70
2225;c00hairbehind2_71
2222;c00hairbehind2_72
2219;c00hairbehind2_77
2216;c00hairbehind2_79
2213;c00hairbehind2_80
2210;c00hairbehind2_81
2207;c00hairbehind2_84
2204;c00hairbehind2_85
2201;c00hairbehind2_86
2198;c00hairbehind2_91
2195;c00hairbehind2_92
2192;c00hairbehind2_94
2189;c00hairbehind2_96
2186;c00hairbehind2_97
2183;c00hairbehind2_98
2180;c00hairbehind2_99
2177;c00hairbehind2_100
2174;c00hairbehind2_103
2171;c00hairbehind2_105
2168;c00hairbehind2_114
2165;c00hairbehind2_115
2162;c00hairbehind2_116
2159;c00hairbehind2_117
2156;c00hairbehind2_121
2153;c00hairbehind2_125
2150;c00hairbehind2_129
2147;c00hairbehind2_132
2144;c00_addon_hairBehind_1
2143;c00hairbehind1_33
2140;c00hairbehind1_32
2137;c00hairbehind1_24
2134;c00hairbehind1_7
2131;c00hairbehind1_6
2128;c00hairbehind1_4
2125;c00hairbehind1_2
2122;c00hairbehind1_3
2119;c00hairbehind1_5
2116;c00hairbehind1_8
2113;c00hairbehind1_9
2110;c00hairbehind1_26
2107;c00hairbehind1_36
2104;c00hairbehind1_39
2101;c00hairbehind1_41
2098;c00hairbehind1_43
2095;c00hairbehind1_44
2092;c00hairbehind1_45
2089;c00hairbehind1_46
2086;c00hairbehind1_47
2083;c00hairbehind1_48
2080;c00hairbehind1_49
2077;c00hairbehind1_50
2074;c00hairbehind1_53
2071;c00hairbehind1_55
2068;c00hairbehind1_58
2065;c00hairbehind1_59
2062;c00hairbehind1_60
2059;c00hairbehind1_61
2056;c00hairbehind1_63
2053;c00hairbehind1_64
2050;c00hairbehind1_65
2047;c00hairbehind1_67
2044;c00hairbehind1_70
2041;c00hairbehind1_71
2038;c00hairbehind1_72
2035;c00hairbehind1_77
2032;c00hairbehind1_79
2029;c00hairbehind1_80
2026;c00hairbehind1_84
2023;c00hairbehind1_85
2020;c00hairbehind1_91
2017;c00hairbehind1_94
2014;c00hairbehind1_95
2011;c00hairbehind1_96
2008;c00hairbehind1_97
2005;c00hairbehind1_98
2002;c00hairbehind1_99
1999;c00hairbehind1_100
1996;c00hairbehind1_108
1993;c00hairbehind1_114
1990;c00hairbehind1_115
1987;c00hairbehind1_116
1984;c00hairbehind1_117
1981;c00hairbehind1_118
1978;c00hairbehind1_121
1975;c00hairbehind1_122
1972;c00hairbehind1_126
1969;c00hairbehind1_129
1966;c00hairbehind1_130
1959;c00_addon_hair_5
1958;c00hair5_01
1955;c00hair5_10
1952;c00hair5_02
1948;c00hair5_05
1945;c00hair5_07
1942;c00hair5_06
1939;c00hair5_12
1936;c00hair5_04
1933;c00hair5_11
1930;c00hair5_08
1927;c00hair5_03
1924;c00hair5_13
1922;c00hair5_14
1919;c00hair5_15
1916;c00hair5_16
1913;c00hair5_17
1910;c00hair5_18
1907;c00hair5_21
1904;c00hair5_22
1901;c00hair5_23
1898;c00hair5_24
1895;c00hair5_25
1892;c00hair5_26
1889;c00hair5_27
1886;c00hair5_28
1883;c00hair5_29
1880;c00hair5_30
1877;c00hair5_31
1874;c00hair5_32
1871;c00hair5_33
1868;c00hair5_34
1864;c00hair5_35
1861;c00hair5_36
1858;c00hair5_37
1855;c00hair5_38
1852;c00hair5_39
1849;c00hair5_40
1846;c00hair5_41
1843;c00hair5_42
1840;c00hair5_43
1837;c00hair5_44
1834;c00hair5_45
1831;c00hair5_46
1828;c00hair5_47
1825;c00hair5_48
1822;c00hair5_49
1819;c00hair5_50
1816;c00hair5_51
1813;c00hair5_52
1810;c00hair5_53
1807;c00hair5_54
1804;c00hair5_55
1801;c00hair5_56
1798;c00hair5_57
1795;c00hair5_58
1792;c00hair5_59
1789;c00hair5_60
1786;c00hair5_61
1783;c00hair5_62
1780;c00hair5_63
1777;c00hair5_64
1774;c00hair5_65
1771;c00hair5_66
1768;c00hair5_67
1765;c00hair5_68
1762;c00hair5_69
1759;c00hair5_70
1756;c00hair5_71
1753;c00hair5_72
1750;c00hair5_73
1747;c00hair5_74
1744;c00hair5_75
1741;c00hair5_76
1738;c00hair5_77
1735;c00hair5_78
1732;c00hair5_79
1729;c00hair5_80
1726;c00hair5_81
1723;c00hair5_82
1720;c00hair5_83
1717;c00hair5_84
1714;c00hair5_85
1711;c00hair5_86
1708;c00hair5_87
1705;c00hair5_88
1702;c00hair5_89
1699;c00hair5_90
1696;c00hair5_91
1693;c00hair5_92
1690;c00hair5_93
1687;c00hair5_94
1684;c00hair5_95
1681;c00hair5_96
1678;c00hair5_97
1675;c00hair5_98
1672;c00hair5_99
1669;c00hair5_100
1666;c00hair5_101
1663;c00hair5_102
1660;c00hair5_103
1657;c00hair5_104
1654;c00hair5_105
1651;c00hair5_106
1648;c00hair5_107
1645;c00hair5_108
1642;c00hair5_109
1639;c00hair5_110
1636;c00hair5_111
1633;c00hair5_112
1630;c00hair5_113
1627;c00hair5_114
1624;c00hair5_115
1621;c00hair5_116
1618;c00hair5_117
1615;c00hair5_118
1610;c00hair5_119
1605;c00hair5_120
1602;c00hair5_121
1599;c00hair5_122
1594;c00hair5_123
1591;c00hair5_124
1588;c00hair5_125
1585;c00hair5_126
1582;c00hair5_127
1579;c00hair5_128
1576;c00hair5_129
1573;c00hair5_130
1566;c00hair5_131
1563;c00hair5_132
1560;c00hair5_133
1557;c00hair5_134
1551;c00hair5_135
1548;c00_addon_hair_4
1547;c00hair4_01
1544;c00hair4_10
1541;c00hair4_02
1538;c00hair4_05
1535;c00hair4_07
1532;c00hair4_06
1529;c00hair4_12
1526;c00hair4_04
1523;c00hair4_11
1520;c00hair4_05b
1517;c00hair4_08
1514;c00hair4_03
1511;c00hair4_13
1508;c00hair4_14
1505;c00hair4_15
1502;c00hair4_16
1499;c00hair4_17
1496;c00hair4_18
1493;c00hair4_21
1490;c00hair4_22
1487;c00hair4_23
1484;c00hair4_24
1481;c00hair4_25
1478;c00hair4_26
1475;c00hair4_27
1472;c00hair4_28
1469;c00hair4_29
1466;c00hair4_30
1463;c00hair4_31
1460;c00hair4_32
1457;c00hair4_33
1454;c00hair4_34
1451;c00hair4_35
1448;c00hair4_36
1445;c00hair4_37
1441;c00hair4_38
1438;c00hair4_39
1435;c00hair4_40
1432;c00hair4_41
1429;c00hair4_42
1426;c00hairbehind4_43
1423;c00hairbehind4_44
1420;c00hairbehind4_45
1417;c00hairbehind4_46
1414;c00hairbehind4_47
1411;c00hairbehind4_48
1408;c00hairbehind4_49
1405;c00hairbehind4_50
1402;c00hairbehind4_51
1399;c00hair4_52
1396;c00hair4_53
1393;c00hair4_54
1390;c00hair4_55
1387;c00hair4_56
1384;c00hair4_57
1381;c00hair4_58
1378;c00hairbehind4_59
1375;c00hair4_60
1372;c00hair4_61
1369;c00hair4_62
1366;c00hair4_63
1363;c00hair4_64
1360;c00hair4_65
1357;c00hair4_66
1354;c00hair4_67
1351;c00hair4_68
1348;c00hair4_69
1345;c00hair4_70
1342;c00hair4_71
1339;c00hair4_72
1336;c00hair4_73
1333;c00hair4_74
1330;c00hair4_75
1327;c00hair4_76
1324;c00hair4_77
1321;c00hair4_78
1318;c00hair4_79
1315;c00hair4_80
1312;c00hair4_81
1309;c00hair4_82
1306;c00hair4_83
1303;c00hair4_84
1300;c00hair4_85
1297;c00hair4_86
1294;c00hair4_87
1291;c00hair4_88
1288;c00hair4_89
1285;c00hair4_90
1282;c00hair4_91
1279;c00hair4_92
1276;c00hair4_93
1273;c00hair4_94
1270;c00hair4_95
1267;c00hair4_96
1264;c00hair4_97
1261;c00hair4_98
1258;c00hair4_99
1255;c00hair4_100
1252;c00hair4_101
1249;c00hair4_102
1246;c00hair4_103
1243;c00hair4_104
1240;c00hair4_105
1237;c00hair4_106
1234;c00hair4_107
1231;c00hair4_108
1228;c00hair4_109
1225;c00hair4_110
1222;c00hair4_111
1219;c00hair4_112
1216;c00hair4_113
1213;c00hair4_114
1210;c00hair4_115
1207;c00hair4_116
1204;c00hair4_117
1201;c00hair4_118
1196;c00hair4_119
1191;c00hair4_120
1188;c00hair4_121
1185;c00hair4_122
1180;c00hair4_123
1177;c00hair4_124
1174;c00hair4_125
1171;c00hair4_126
1168;c00hair4_127
1165;c00hair4_128
1162;c00hair4_129
1159;c00hair4_130
1156;c00hair4_131
1153;c00hair4_132
1150;c00hair4_133
1147;c00hair4_134
1142;c00hair4_135
1139;c00_addon_hair_2
1138;c00hair2_50
1135;c00hair2_01
1132;c00hair2_10
1129;c00hair2_02
1126;c00hair2_05
1123;c00hair2_07
1120;c00hair2_06
1117;c00hair2_12
1114;c00hair2_04
1111;c00hair2_11
1108;c00hair2_05b
1105;c00hair2_08
1102;c00hair2_03
1099;c00hair2_13
1096;c00hair2_14
1093;c00hair2_15
1090;c00hair2_16
1087;c00hair2_17
1084;c00hair2_18
1081;c00hair2_21
1078;c00hair2_22
1075;c00hair2_23
1072;c00hair2_24
1069;c00hair2_25
1066;c00hair2_26
1063;c00hair2_27
1060;c00hair2_28
1057;c00hair2_29
1054;c00hair2_30
1051;c00hair2_31
1048;c00hair2_32
1045;c00hair2_33
1042;c00hair2_34
1039;c00hair2_35
1036;c00hair2_36
1033;c00hair2_37
1030;c00hair2_38
1027;c00hair2_39
1024;c00hair2_40
1021;c00hair2_41
1018;c00hair2_42
1015;c00hair2_43
1012;c00hair2_44
1009;c00hair2_45
1006;c00hair2_46
1003;c00hair2_47
1000;c00hair2_48
997;c00hair2_49
994;c00hair2_51
991;c00hair2_52
988;c00hair2_53
985;c00hair2_54
982;c00hair2_55
979;c00hair2_56
976;c00hair2_57
973;c00hair2_58
970;c00hair2_59
967;c00hair2_60
964;c00hair2_61
961;c00hair2_62
958;c00hair2_63
955;c00hair2_64
952;c00hair2_65
949;c00hair2_66
946;c00hair2_67
943;c00hair2_68
940;c00hair2_69
937;c00hair2_70
934;c00hair2_71
931;c00hair2_72
928;c00hair2_73
925;c00hair2_74
922;c00hair2_75
919;c00hair2_76
916;c00hair2_77
913;c00hair2_78
910;c00hair2_79
907;c00hair2_80
904;c00hair2_81
901;c00hair2_82
898;c00hair2_83
895;c00hair2_84
892;c00hair2_85
889;c00hair2_86
886;c00hair2_87
883;c00hair2_88
880;c00hair2_89
877;c00hair2_90
874;c00hair2_91
871;c00hair2_92
868;c00hair2_93
865;c00hair2_94
862;c00hair2_95
859;c00hair2_96
856;c00hair2_97
853;c00hair2_98
850;c00hair2_99
847;c00hair2_100
844;c00hair2_101
841;c00hair2_102
838;c00hair2_103
835;c00hair2_104
832;c00hair2_105
829;c00hair2_106
826;c00hair2_107
823;c00hair2_108
820;c00hair2_109
817;c00hair2_110
814;c00hair2_111
811;c00hair2_112
808;c00hair2_113
805;c00hair2_114
802;c00hair2_115
799;c00hair2_116
796;c00hair2_117
793;c00hair2_118
790;c00hair2_119
787;c00hair2_120
784;c00hair2_121
781;c00hair2_122
778;c00hair2_123
775;c00hair2_124
772;c00hair2_125
769;c00hair2_126
766;c00hair2_127
763;c00hair2_128
760;c00hair2_129
757;c00hair2_130
750;c00hair2_131
747;c00hair2_132
744;c00hair2_133
741;c00hair2_134
738;c00hair2_135
735;c00_addon_hair_1
734;c00hair1_01
731;c00hair1_10
728;c00hair1_02
725;c00hair1_05
722;c00hair1_08
719;c00hair1_07
716;c00hair1_12
713;c00hair1_04
710;c00hair1_11
707;c00hair1_06
704;c00hair1_09
701;c00hair1_03
698;c00hair1_13
695;c00hair1_14
692;c00hair1_15
689;c00hair1_16
686;c00hair1_17
683;c00hair1_18
680;c00hair1_21
677;c00hair1_22
674;c00hair1_23
671;c00hair1_24
668;c00hair1_25
665;c00hair1_26
662;c00hair1_27
659;c00hair1_28
656;c00hair1_29
653;c00hair1_30
650;c00hair1_31
647;c00hair1_32
644;c00hair1_33
641;c00hair1_34
638;c00hair1_35
635;c00hair1_36
632;c00hair1_37
629;c00hair1_38
626;c00hair1_39
623;c00hair1_40
620;c00hair1_41
617;c00hair42_01
614;c00hair43_01
611;c00hair44_01
608;c00hair45_01
605;c00hair46_01
602;c00hair1_47
599;c00hair1_48
596;c00hair1_49
593;c00hair1_50
590;c00hair1_51
587;c00hair1_52
584;c00hair1_53
581;c00hair1_54
578;c00hair1_55
575;c00hair1_56
572;c00hair1_57
569;c00hair1_58
566;c00hair1_59
563;c00hair1_60
560;c00hair1_61
557;c00hair1_62
554;c00hair1_63
551;c00hair1_64
548;c00hair1_65
545;c00hair1_66
542;c00hair1_67
539;c00hair1_68
536;c00hair1_69
533;c00hair1_70
530;c00hair1_71
527;c00hair1_72
524;c00hair1_73
521;c00hair1_74
518;c00hair1_75
515;c00hair1_76
512;c00hair1_77
509;c00hair1_78
506;c00hair1_79
503;c00hair1_80
500;c00hair1_81
497;c00hair1_82
494;c00hair1_83
491;c00hair1_84
488;c00hair1_85
485;c00hair1_86
482;c00hair1_87
479;c00hair1_88
476;c00hair1_89
473;c00hair1_90
470;c00hair1_91
467;c00hair1_92
464;c00hair1_93
461;c00hair1_94
458;c00hair1_95
455;c00hair1_96
452;c00hair1_97
449;c00hair1_98
446;c00hair1_99
443;c00hair1_100
440;c00hair1_101
437;c00hair1_102
434;c00hair1_103
431;c00hair1_104
428;c00hair1_105
425;c00hair1_106
422;c00hair1_107
419;c00hair1_108
416;c00hair1_109
413;c00hair1_110
410;c00hair1_111
407;c00hair1_112
404;c00hair1_113
401;c00hair1_114
398;c00hair1_115
395;c00hair1_116
392;c00hair1_117
389;c00hair1_118
386;c00hair1_119
383;c00hair1_120
380;c00hair1_121
377;c00hair1_122
374;c00hair1_123
371;c00hair1_124
368;c00hair1_125
365;c00hair1_126
362;c00hair1_127
359;c00hair1_128
356;c00hair1_129
353;c00hair1_130
350;c00hair1_131
347;c00hair1_132
344;c00hair1_133
341;c00hair1_134
335;c00hair1_135
332;c00_addon_earring
329;c00_earring1
326;c00earring2
323;c00earring3
320;c00earring4
317;c00earring5
314;c00earring6
311;c00earring7
308;c00_addon_eyewear_2
307;c00eyewear2_08
304;c00eyewear2_05
301;c00eyewear2_07
296;c00eyewear2_10
293;c00eyewear2_11
288;c00eyewear2_12
284;c00eyewear2_13
279;c00eyewear2_14
274;c00eyewear2_15
269;c00eyewear2_16
264;c00eyewear2_17
259;c00eyewear2_18
254;c00eyewear2_19
249;c00eyewear2_20
244;c00eyewear2_21
239;c00eyewear2_22
234;c00eyewear2_23
229;c00eyewear2_24
224;c00eyewear2_25
221;c00eyewear2_26
218;c00eyewear2_27
215;c00eyewear2_28
209;c00_addon_eyewear_1
206;c00eyewear1_06
203;c00eyewear1_09
198;c00eyewear1_02
193;c00eyewear1_04
188;c00eyewear1_03
183;c00eyewear1_08
180;c00eyewear1_05
177;c00eyewear1_07
172;c00eyewear1_10
169;c00eyewear1_11
164;c00eyewear1_12
160;c00eyewear1_13
155;c00eyewear1_14
150;c00eyewear1_15
145;c00eyewear1_16
140;c00eyewear1_17
135;c00eyewear1_18
130;c00eyewear1_19
125;c00eyewear1_20
120;c00eyewear1_21
115;c00eyewear1_22
110;c00eyewear1_23
105;c00eyewear1_24
100;c00eyewear1_25
97;c00eyewear1_26
94;c00eyewear1_27
91;c00eyewear1_28
85;c00_addon_eyeShadow
84;c00blanklook
83;c00_eyeShadow1
82;c00eyeShadow2
81;c00eyeShadow3
80;c00eyeShadow5
76;c00eyeShadow4
73;c00eyeShadow6
70;c00chin1_01
67;c00_ear_1
66;c00ear1_01
63;c00eyeShadow7
60;c00eyeShadow8
54;c00hair4_43
51;c00hair4_47
48;c00hair4_48
45;c00hair4_49
42;c00hair4_50
39;c00hair4_51
36;c00hairbehind2_50
33;c00hairbehind2_51
30;c00hairbehind2_134
27;c00hairbehind4_61
24;c00hairbehind4_62
21;c00hairbehind4_74
18;c00hairbehind4_80
15;c00hairbehind5_135
11;c00head1_1
8;c00eyewear4_28
3;c00eyewear5_28
2378;com.pixton.character.Skin0_Addon2
2377;c00_addon_hairBehind_5
2376;c00hairbehind5_58
2373;c00hairbehind5_130
2370;c00_addon_hairBehind_4
2369;c00hairbehind4_03
2366;c00hairbehind4_42
2363;c00hairbehind4_53
2360;c00hairbehind4_55
2357;c00hairbehind4_58
2354;c00hairbehind4_130
2349;c00_addon_hairBehind_2
2348;c00hairbehind2_33
2345;c00hairbehind2_32
2342;c00hairbehind2_09
2339;c00hairbehind2_08
2336;c00hairbehind2_07
2333;c00hairbehind2_11
2330;c00hairbehind2_05b
2327;c00hairbehind2_01
2324;c00hairbehind2_10
2321;c00hairbehind2_02
2318;c00hairbehind2_05
2315;c00hairbehind2_06
2312;c00hairbehind2_03
2309;c00hairbehind2_2
2306;c00hairbehind2_25
2303;c00hairbehind2_26
2300;c00hairbehind1_34
2297;c00hairbehind2_35
2294;c00hairbehind2_36
2291;c00hairbehind2_37
2288;c00hairbehind2_39
2285;c00hairbehind2_41
2282;c00hairbehind2_42
2279;c00hairbehind2_43
2276;c00hairbehind2_44
2273;c00hairbehind2_45
2270;c00hairbehind2_46
2267;c00hairbehind2_47
2264;c00hairbehind2_48
2261;c00hairbehind2_49
2258;c00hairbehind2_53
2255;c00hairbehind2_55
2252;c00hairbehind2_58
2249;c00hairbehind2_59
2246;c00hairbehind2_60
2243;c00hairbehind2_61
2240;c00hairbehind2_63
2237;c00hairbehind2_64
2234;c00hairbehind2_65
2231;c00hairbehind2_68
2228;c00hairbehind2_70
2225;c00hairbehind2_71
2222;c00hairbehind2_72
2219;c00hairbehind2_77
2216;c00hairbehind2_79
2213;c00hairbehind2_80
2210;c00hairbehind2_81
2207;c00hairbehind2_84
2204;c00hairbehind2_85
2201;c00hairbehind2_86
2198;c00hairbehind2_91
2195;c00hairbehind2_92
2192;c00hairbehind2_94
2189;c00hairbehind2_96
2186;c00hairbehind2_97
2183;c00hairbehind2_98
2180;c00hairbehind2_99
2177;c00hairbehind2_100
2174;c00hairbehind2_103
2171;c00hairbehind2_105
2168;c00hairbehind2_114
2165;c00hairbehind2_115
2162;c00hairbehind2_116
2159;c00hairbehind2_117
2156;c00hairbehind2_121
2153;c00hairbehind2_125
2150;c00hairbehind2_129
2147;c00hairbehind2_132
2144;c00_addon_hairBehind_1
2143;c00hairbehind1_33
2140;c00hairbehind1_32
2137;c00hairbehind1_24
2134;c00hairbehind1_7
2131;c00hairbehind1_6
2128;c00hairbehind1_4
2125;c00hairbehind1_2
2122;c00hairbehind1_3
2119;c00hairbehind1_5
2116;c00hairbehind1_8
2113;c00hairbehind1_9
2110;c00hairbehind1_26
2107;c00hairbehind1_36
2104;c00hairbehind1_39
2101;c00hairbehind1_41
2098;c00hairbehind1_43
2095;c00hairbehind1_44
2092;c00hairbehind1_45
2089;c00hairbehind1_46
2086;c00hairbehind1_47
2083;c00hairbehind1_48
2080;c00hairbehind1_49
2077;c00hairbehind1_50
2074;c00hairbehind1_53
2071;c00hairbehind1_55
2068;c00hairbehind1_58
2065;c00hairbehind1_59
2062;c00hairbehind1_60
2059;c00hairbehind1_61
2056;c00hairbehind1_63
2053;c00hairbehind1_64
2050;c00hairbehind1_65
2047;c00hairbehind1_67
2044;c00hairbehind1_70
2041;c00hairbehind1_71
2038;c00hairbehind1_72
2035;c00hairbehind1_77
2032;c00hairbehind1_79
2029;c00hairbehind1_80
2026;c00hairbehind1_84
2023;c00hairbehind1_85
2020;c00hairbehind1_91
2017;c00hairbehind1_94
2014;c00hairbehind1_95
2011;c00hairbehind1_96
2008;c00hairbehind1_97
2005;c00hairbehind1_98
2002;c00hairbehind1_99
1999;c00hairbehind1_100
1996;c00hairbehind1_108
1993;c00hairbehind1_114
1990;c00hairbehind1_115
1987;c00hairbehind1_116
1984;c00hairbehind1_117
1981;c00hairbehind1_118
1978;c00hairbehind1_121
1975;c00hairbehind1_122
1972;c00hairbehind1_126
1969;c00hairbehind1_129
1966;c00hairbehind1_130
1959;c00_addon_hair_5
1958;c00hair5_01
1955;c00hair5_10
1952;c00hair5_02
1948;c00hair5_05
1945;c00hair5_07
1942;c00hair5_06
1939;c00hair5_12
1936;c00hair5_04
1933;c00hair5_11
1930;c00hair5_08
1927;c00hair5_03
1924;c00hair5_13
1922;c00hair5_14
1919;c00hair5_15
1916;c00hair5_16
1913;c00hair5_17
1910;c00hair5_18
1907;c00hair5_21
1904;c00hair5_22
1901;c00hair5_23
1898;c00hair5_24
1895;c00hair5_25
1892;c00hair5_26
1889;c00hair5_27
1886;c00hair5_28
1883;c00hair5_29
1880;c00hair5_30
1877;c00hair5_31
1874;c00hair5_32
1871;c00hair5_33
1868;c00hair5_34
1864;c00hair5_35
1861;c00hair5_36
1858;c00hair5_37
1855;c00hair5_38
1852;c00hair5_39
1849;c00hair5_40
1846;c00hair5_41
1843;c00hair5_42
1840;c00hair5_43
1837;c00hair5_44
1834;c00hair5_45
1831;c00hair5_46
1828;c00hair5_47
1825;c00hair5_48
1822;c00hair5_49
1819;c00hair5_50
1816;c00hair5_51
1813;c00hair5_52
1810;c00hair5_53
1807;c00hair5_54
1804;c00hair5_55
1801;c00hair5_56
1798;c00hair5_57
1795;c00hair5_58
1792;c00hair5_59
1789;c00hair5_60
1786;c00hair5_61
1783;c00hair5_62
1780;c00hair5_63
1777;c00hair5_64
1774;c00hair5_65
1771;c00hair5_66
1768;c00hair5_67
1765;c00hair5_68
1762;c00hair5_69
1759;c00hair5_70
1756;c00hair5_71
1753;c00hair5_72
1750;c00hair5_73
1747;c00hair5_74
1744;c00hair5_75
1741;c00hair5_76
1738;c00hair5_77
1735;c00hair5_78
1732;c00hair5_79
1729;c00hair5_80
1726;c00hair5_81
1723;c00hair5_82
1720;c00hair5_83
1717;c00hair5_84
1714;c00hair5_85
1711;c00hair5_86
1708;c00hair5_87
1705;c00hair5_88
1702;c00hair5_89
1699;c00hair5_90
1696;c00hair5_91
1693;c00hair5_92
1690;c00hair5_93
1687;c00hair5_94
1684;c00hair5_95
1681;c00hair5_96
1678;c00hair5_97
1675;c00hair5_98
1672;c00hair5_99
1669;c00hair5_100
1666;c00hair5_101
1663;c00hair5_102
1660;c00hair5_103
1657;c00hair5_104
1654;c00hair5_105
1651;c00hair5_106
1648;c00hair5_107
1645;c00hair5_108
1642;c00hair5_109
1639;c00hair5_110
1636;c00hair5_111
1633;c00hair5_112
1630;c00hair5_113
1627;c00hair5_114
1624;c00hair5_115
1621;c00hair5_116
1618;c00hair5_117
1615;c00hair5_118
1610;c00hair5_119
1605;c00hair5_120
1602;c00hair5_121
1599;c00hair5_122
1594;c00hair5_123
1591;c00hair5_124
1588;c00hair5_125
1585;c00hair5_126
1582;c00hair5_127
1579;c00hair5_128
1576;c00hair5_129
1573;c00hair5_130
1566;c00hair5_131
1563;c00hair5_132
1560;c00hair5_133
1557;c00hair5_134
1551;c00hair5_135
1548;c00_addon_hair_4
1547;c00hair4_01
1544;c00hair4_10
1541;c00hair4_02
1538;c00hair4_05
1535;c00hair4_07
1532;c00hair4_06
1529;c00hair4_12
1526;c00hair4_04
1523;c00hair4_11
1520;c00hair4_05b
1517;c00hair4_08
1514;c00hair4_03
1511;c00hair4_13
1508;c00hair4_14
1505;c00hair4_15
1502;c00hair4_16
1499;c00hair4_17
1496;c00hair4_18
1493;c00hair4_21
1490;c00hair4_22
1487;c00hair4_23
1484;c00hair4_24
1481;c00hair4_25
1478;c00hair4_26
1475;c00hair4_27
1472;c00hair4_28
1469;c00hair4_29
1466;c00hair4_30
1463;c00hair4_31
1460;c00hair4_32
1457;c00hair4_33
1454;c00hair4_34
1451;c00hair4_35
1448;c00hair4_36
1445;c00hair4_37
1441;c00hair4_38
1438;c00hair4_39
1435;c00hair4_40
1432;c00hair4_41
1429;c00hair4_42
1426;c00hairbehind4_43
1423;c00hairbehind4_44
1420;c00hairbehind4_45
1417;c00hairbehind4_46
1414;c00hairbehind4_47
1411;c00hairbehind4_48
1408;c00hairbehind4_49
1405;c00hairbehind4_50
1402;c00hairbehind4_51
1399;c00hair4_52
1396;c00hair4_53
1393;c00hair4_54
1390;c00hair4_55
1387;c00hair4_56
1384;c00hair4_57
1381;c00hair4_58
1378;c00hairbehind4_59
1375;c00hair4_60
1372;c00hair4_61
1369;c00hair4_62
1366;c00hair4_63
1363;c00hair4_64
1360;c00hair4_65
1357;c00hair4_66
1354;c00hair4_67
1351;c00hair4_68
1348;c00hair4_69
1345;c00hair4_70
1342;c00hair4_71
1339;c00hair4_72
1336;c00hair4_73
1333;c00hair4_74
1330;c00hair4_75
1327;c00hair4_76
1324;c00hair4_77
1321;c00hair4_78
1318;c00hair4_79
1315;c00hair4_80
1312;c00hair4_81
1309;c00hair4_82
1306;c00hair4_83
1303;c00hair4_84
1300;c00hair4_85
1297;c00hair4_86
1294;c00hair4_87
1291;c00hair4_88
1288;c00hair4_89
1285;c00hair4_90
1282;c00hair4_91
1279;c00hair4_92
1276;c00hair4_93
1273;c00hair4_94
1270;c00hair4_95
1267;c00hair4_96
1264;c00hair4_97
1261;c00hair4_98
1258;c00hair4_99
1255;c00hair4_100
1252;c00hair4_101
1249;c00hair4_102
1246;c00hair4_103
1243;c00hair4_104
1240;c00hair4_105
1237;c00hair4_106
1234;c00hair4_107
1231;c00hair4_108
1228;c00hair4_109
1225;c00hair4_110
1222;c00hair4_111
1219;c00hair4_112
1216;c00hair4_113
1213;c00hair4_114
1210;c00hair4_115
1207;c00hair4_116
1204;c00hair4_117
1201;c00hair4_118
1196;c00hair4_119
1191;c00hair4_120
1188;c00hair4_121
1185;c00hair4_122
1180;c00hair4_123
1177;c00hair4_124
1174;c00hair4_125
1171;c00hair4_126
1168;c00hair4_127
1165;c00hair4_128
1162;c00hair4_129
1159;c00hair4_130
1156;c00hair4_131
1153;c00hair4_132
1150;c00hair4_133
1147;c00hair4_134
1142;c00hair4_135
1139;c00_addon_hair_2
1138;c00hair2_50
1135;c00hair2_01
1132;c00hair2_10
1129;c00hair2_02
1126;c00hair2_05
1123;c00hair2_07
1120;c00hair2_06
1117;c00hair2_12
1114;c00hair2_04
1111;c00hair2_11
1108;c00hair2_05b
1105;c00hair2_08
1102;c00hair2_03
1099;c00hair2_13
1096;c00hair2_14
1093;c00hair2_15
1090;c00hair2_16
1087;c00hair2_17
1084;c00hair2_18
1081;c00hair2_21
1078;c00hair2_22
1075;c00hair2_23
1072;c00hair2_24
1069;c00hair2_25
1066;c00hair2_26
1063;c00hair2_27
1060;c00hair2_28
1057;c00hair2_29
1054;c00hair2_30
1051;c00hair2_31
1048;c00hair2_32
1045;c00hair2_33
1042;c00hair2_34
1039;c00hair2_35
1036;c00hair2_36
1033;c00hair2_37
1030;c00hair2_38
1027;c00hair2_39
1024;c00hair2_40
1021;c00hair2_41
1018;c00hair2_42
1015;c00hair2_43
1012;c00hair2_44
1009;c00hair2_45
1006;c00hair2_46
1003;c00hair2_47
1000;c00hair2_48
997;c00hair2_49
994;c00hair2_51
991;c00hair2_52
988;c00hair2_53
985;c00hair2_54
982;c00hair2_55
979;c00hair2_56
976;c00hair2_57
973;c00hair2_58
970;c00hair2_59
967;c00hair2_60
964;c00hair2_61
961;c00hair2_62
958;c00hair2_63
955;c00hair2_64
952;c00hair2_65
949;c00hair2_66
946;c00hair2_67
943;c00hair2_68
940;c00hair2_69
937;c00hair2_70
934;c00hair2_71
931;c00hair2_72
928;c00hair2_73
925;c00hair2_74
922;c00hair2_75
919;c00hair2_76
916;c00hair2_77
913;c00hair2_78
910;c00hair2_79
907;c00hair2_80
904;c00hair2_81
901;c00hair2_82
898;c00hair2_83
895;c00hair2_84
892;c00hair2_85
889;c00hair2_86
886;c00hair2_87
883;c00hair2_88
880;c00hair2_89
877;c00hair2_90
874;c00hair2_91
871;c00hair2_92
868;c00hair2_93
865;c00hair2_94
862;c00hair2_95
859;c00hair2_96
856;c00hair2_97
853;c00hair2_98
850;c00hair2_99
847;c00hair2_100
844;c00hair2_101
841;c00hair2_102
838;c00hair2_103
835;c00hair2_104
832;c00hair2_105
829;c00hair2_106
826;c00hair2_107
823;c00hair2_108
820;c00hair2_109
817;c00hair2_110
814;c00hair2_111
811;c00hair2_112
808;c00hair2_113
805;c00hair2_114
802;c00hair2_115
799;c00hair2_116
796;c00hair2_117
793;c00hair2_118
790;c00hair2_119
787;c00hair2_120
784;c00hair2_121
781;c00hair2_122
778;c00hair2_123
775;c00hair2_124
772;c00hair2_125
769;c00hair2_126
766;c00hair2_127
763;c00hair2_128
760;c00hair2_129
757;c00hair2_130
750;c00hair2_131
747;c00hair2_132
744;c00hair2_133
741;c00hair2_134
738;c00hair2_135
735;c00_addon_hair_1
734;c00hair1_01
731;c00hair1_10
728;c00hair1_02
725;c00hair1_05
722;c00hair1_08
719;c00hair1_07
716;c00hair1_12
713;c00hair1_04
710;c00hair1_11
707;c00hair1_06
704;c00hair1_09
701;c00hair1_03
698;c00hair1_13
695;c00hair1_14
692;c00hair1_15
689;c00hair1_16
686;c00hair1_17
683;c00hair1_18
680;c00hair1_21
677;c00hair1_22
674;c00hair1_23
671;c00hair1_24
668;c00hair1_25
665;c00hair1_26
662;c00hair1_27
659;c00hair1_28
656;c00hair1_29
653;c00hair1_30
650;c00hair1_31
647;c00hair1_32
644;c00hair1_33
641;c00hair1_34
638;c00hair1_35
635;c00hair1_36
632;c00hair1_37
629;c00hair1_38
626;c00hair1_39
623;c00hair1_40
620;c00hair1_41
617;c00hair42_01
614;c00hair43_01
611;c00hair44_01
608;c00hair45_01
605;c00hair46_01
602;c00hair1_47
599;c00hair1_48
596;c00hair1_49
593;c00hair1_50
590;c00hair1_51
587;c00hair1_52
584;c00hair1_53
581;c00hair1_54
578;c00hair1_55
575;c00hair1_56
572;c00hair1_57
569;c00hair1_58
566;c00hair1_59
563;c00hair1_60
560;c00hair1_61
557;c00hair1_62
554;c00hair1_63
551;c00hair1_64
548;c00hair1_65
545;c00hair1_66
542;c00hair1_67
539;c00hair1_68
536;c00hair1_69
533;c00hair1_70
530;c00hair1_71
527;c00hair1_72
524;c00hair1_73
521;c00hair1_74
518;c00hair1_75
515;c00hair1_76
512;c00hair1_77
509;c00hair1_78
506;c00hair1_79
503;c00hair1_80
500;c00hair1_81
497;c00hair1_82
494;c00hair1_83
491;c00hair1_84
488;c00hair1_85
485;c00hair1_86
482;c00hair1_87
479;c00hair1_88
476;c00hair1_89
473;c00hair1_90
470;c00hair1_91
467;c00hair1_92
464;c00hair1_93
461;c00hair1_94
458;c00hair1_95
455;c00hair1_96
452;c00hair1_97
449;c00hair1_98
446;c00hair1_99
443;c00hair1_100
440;c00hair1_101
437;c00hair1_102
434;c00hair1_103
431;c00hair1_104
428;c00hair1_105
425;c00hair1_106
422;c00hair1_107
419;c00hair1_108
416;c00hair1_109
413;c00hair1_110
410;c00hair1_111
407;c00hair1_112
404;c00hair1_113
401;c00hair1_114
398;c00hair1_115
395;c00hair1_116
392;c00hair1_117
389;c00hair1_118
386;c00hair1_119
383;c00hair1_120
380;c00hair1_121
377;c00hair1_122
374;c00hair1_123
371;c00hair1_124
368;c00hair1_125
365;c00hair1_126
362;c00hair1_127
359;c00hair1_128
356;c00hair1_129
353;c00hair1_130
350;c00hair1_131
347;c00hair1_132
344;c00hair1_133
341;c00hair1_134
335;c00hair1_135
332;c00_addon_earring
329;c00_earring1
326;c00earring2
323;c00earring3
320;c00earring4
317;c00earring5
314;c00earring6
311;c00earring7
308;c00_addon_eyewear_2
307;c00eyewear2_08
304;c00eyewear2_05
301;c00eyewear2_07
296;c00eyewear2_10
293;c00eyewear2_11
288;c00eyewear2_12
284;c00eyewear2_13
279;c00eyewear2_14
274;c00eyewear2_15
269;c00eyewear2_16
264;c00eyewear2_17
259;c00eyewear2_18
254;c00eyewear2_19
249;c00eyewear2_20
244;c00eyewear2_21
239;c00eyewear2_22
234;c00eyewear2_23
229;c00eyewear2_24
224;c00eyewear2_25
221;c00eyewear2_26
218;c00eyewear2_27
215;c00eyewear2_28
209;c00_addon_eyewear_1
206;c00eyewear1_06
203;c00eyewear1_09
198;c00eyewear1_02
193;c00eyewear1_04
188;c00eyewear1_03
183;c00eyewear1_08
180;c00eyewear1_05
177;c00eyewear1_07
172;c00eyewear1_10
169;c00eyewear1_11
164;c00eyewear1_12
160;c00eyewear1_13
155;c00eyewear1_14
150;c00eyewear1_15
145;c00eyewear1_16
140;c00eyewear1_17
135;c00eyewear1_18
130;c00eyewear1_19
125;c00eyewear1_20
120;c00eyewear1_21
115;c00eyewear1_22
110;c00eyewear1_23
105;c00eyewear1_24
100;c00eyewear1_25
97;c00eyewear1_26
94;c00eyewear1_27
91;c00eyewear1_28
85;c00_addon_eyeShadow
84;c00blanklook
83;c00_eyeShadow1
82;c00eyeShadow2
81;c00eyeShadow3
80;c00eyeShadow5
76;c00eyeShadow4
73;c00eyeShadow6
70;c00chin1_01
67;c00_ear_1
66;c00ear1_01
63;c00eyeShadow7
60;c00eyeShadow8
54;c00hair4_43
51;c00hair4_47
48;c00hair4_48
45;c00hair4_49
42;c00hair4_50
39;c00hair4_51
36;c00hairbehind2_50
33;c00hairbehind2_51
30;c00hairbehind2_134
27;c00hairbehind4_61
24;c00hairbehind4_62
21;c00hairbehind4_74
18;c00hairbehind4_80
15;c00hairbehind5_135
11;c00head1_1
8;c00eyewear4_28
3;c00eyewear5_28
